Date,Tweet
2025-01-29 11:57:32+00:00,"From the moment you arrive at Tulip Inn Al Dar, our dedicated team ensures every detail is flawlessly managed, offering you a seamless and memorable start to your journey

#Tulip_Inn_hotel_Madinah #Madinah #Tulip_Inn #Prophet_Mosque #Madinahhotels #umrah  #visitsaudi"
2025-01-29 11:52:51+00:00,"A view of the Prophetâ€™s Mosque, a refreshing winter breeze, and a cup of coffee that completes the scene in the most beautiful way in Al Dar Cafe ğŸ•Œâ˜•ï¸

#tulipinnaldar #cafe #madina #almadinah #aldarhotel #visitmadina #visitsaudi #coffee"
2025-01-29 10:37:06+00:00,"At Yella Schoff, weâ€™re redefining travel across Saudi Arabia!
What makes us unique?
-Tailor-made experiences
-Expert local guides
-Seamless journey planning

Whatâ€™s stopping you?
ğŸ‘‰ Visit https://t.co/IplgVCinUp and letâ€™s go!

#yellaschoff #visitsaudi #exploresaudiarabia #saudia https://t.co/mXZ6CHjNwq"
2025-01-29 09:58:28+00:00,"#SaudiArabia's Tourism Market-Size Witnesses Rapid Escalation

https://t.co/EQfMULJysT

#visitsaudi"
2025-01-29 06:19:16+00:00,"Ø®ÙˆØ¶ÙˆØ§ ØªØ¬Ø±Ø¨Ø© Ø¬Ø¯ÙŠØ¯Ø© ÙˆØ´ÙŠÙ‚Ø© ÙˆØ§Ø¨Ø¯Ø£ÙˆØ§ Ø±Ø­Ù„ØªÙƒÙ… ÙÙŠ Ø¹Ø§Ù„Ù… Ø§Ù„ØºÙˆØµ Ø§Ù„ÙŠÙˆÙ…! Ø§Ø³ØªÙƒØ´ÙÙˆØ§ Ø§Ù„Ø£Ø¹Ù…Ø§Ù‚ Ù…Ø¹ Ø¯ÙˆØ±Ø© ØªØ¯Ø±ÙŠØ¨ÙŠØ© Ù„Ù„ØºÙˆØµ Ø¨ØªØ±Ø®ÙŠØµ Ø§ØªØ­Ø§Ø¯ Ù…Ø¯Ø±Ø¨ÙŠ Ø§Ù„ØºÙˆØµ Ø§Ù„Ù…Ø­ØªØ±ÙÙŠÙ†

 #CPJeddah
 #KSA #SaudiArabia #ScubaDivingAdventure  #UnderwaterExploration #Redsea
#visitsaudi #ExperienceIHG  #Ø¬Ø¯Ø© #ÙƒØ±Ø§ÙˆÙ†_Ø¨Ù„Ø§Ø²Ø§_Ø¬Ø¯Ø© https://t.co/wpSmE7L1Xh"
2025-01-28 18:30:10+00:00,"When was the last time you did something for the first time? 

Step into the timeless charm of Jeddah Historic District. ğŸŒŸ Explore centuries-old stories in this vibrant UNESCO site. 

For more: https://t.co/25VDrxKwTK

 #Land_of_Firsts  #This_Land_is_Calling #VisitSaudi https://t.co/ZIEPsU7jD7"
2025-01-28 16:46:41+00:00,"Witness the adrenaline-pumping Hail International Rally Championship, a full motorsport experience packed with activities! ğŸš— ğŸ”¥  The rally starts on 30 Jan until 1 Feb.

Learn more: https://t.co/vXWbh7Guy3

#VisitSaudi #SaudiWinterCalendar
#This_Land_Is_Calling https://t.co/WzOFcrEtgM"
2025-01-28 14:03:03+00:00,"Travel Agents in UK &amp; Europe.

Discover Saudiâ€™s captivating dualityâ€”where modern marvels meet historic treasures.

Start booking Saudi today and redefine travel for your clients.

#TBOAcademy #VisitSaudi #Sindalah #AlBalad #Booking https://t.co/QuqIHzKoUs"
2025-01-28 12:54:09+00:00,"#VisitSaudi #KSA #Tourism #Abha #Travel #This_Land_Is_Calling #AseerAwakeningWonder #SaudiWinter
#Ø§Ù„Ø³Ø¹ÙˆØ¯ÙŠØ© #Ø±ÙˆØ­_Ø§Ù„Ø³Ø¹ÙˆØ¯ÙŠØ© #Ø´ØªØ§Ø¡_Ø§Ù„Ø£Ù„Ù_Ù„ÙŠÙ„Ø©_ÙˆÙ„ÙŠÙ„Ø© #Ø¹Ø³ÙŠØ±_ØªÙ‡ÙˆÙ„ #Ø§Ø¨Ù‡Ø§"
2025-01-28 09:27:35+00:00,"New #hotel opening in #Saudi --&gt; #Desert #Rock (https://t.co/6WBmEGFdWV)! The design is inspired by the #Nabatean #civilization, which once inhabited the Arabian Peninsula and is famous for its rock-cut architecture.

#SaudiArabia #VisitSaudi #travel #trip #vacation #holiday https://t.co/f006oGiNwA"
2025-01-28 06:35:28+00:00,"ÙƒØ±Ø§ÙˆÙ† Ø¨Ù„Ø§Ø²Ø§ Ø¬Ø¯Ø© Ø¨Ø¬ÙˆØ§Ø± ÙƒÙˆØ±Ù†ÙŠØ´ Ø¬Ø¯Ø©. Ø§Ù„Ù…ÙˆÙ‚Ø¹ Ø§Ù„Ù…Ø«Ø§Ù„ÙŠ Ù„Ø¥Ù‚Ø§Ù…Ø© Ù…Ø«Ø§Ù„ÙŠØ©

#crowneplazajeddah #CPJeddah #Jeddah #Jeddahlife #KSA #SaudiArabia #visitsaudi #ExperienceIHG #BlendedTravel #Ø¬Ø¯Ø© #ÙƒØ±Ø§ÙˆÙ†_Ø¨Ù„Ø§Ø²Ø§_Ø¬Ø¯Ø© https://t.co/lWE3xCLgKi"
2025-01-27 20:18:52+00:00,"When was the last time you did something for the first time?
Start your journey of firsts with a sip of authentic Saudi coffee at Najd Village. â˜•

For more: https://t.co/25VDrxKwTK

#Land_of_Firsts #This_Land_is_Calling #VisitSaudi https://t.co/Xn2oL5VRN0"
2025-01-27 17:00:32+00:00,"Experience the beauty of AlUlaâ€™s Maraya, the worldâ€™s largest mirrored building reflecting the stunning desert landscape. ğŸŒŸâœ¨ A true blend of art and nature. 

Book now: https://t.co/wwumWtJhAL 

ğŸ¥ by adamdesjardins on IG.

#This_Land_Is_Calling #VisitSaudi https://t.co/GBaHhKcHKe"
2025-01-26 20:00:01+00:00,"Ø¨Ø£Ù…Ø³ÙŠØ§ØªÙ Ø±ÙˆØ§Ø¦ÙŠØ©Ù ÙˆØªØ¬Ø§Ø±Ø¨ ØªÙØ§Ø¹Ù„ÙŠØ© .. #Ù…ÙˆØ³Ù…_Ø§Ù„Ø¯Ø±Ø¹ÙŠØ© 24/25 ÙŠÙØ¹Ù„Ù† Ø¹Ù† #Ù…Ù‡Ø±Ø¬Ø§Ù†_Ø§Ù„Ø¯Ø±Ø¹ÙŠØ©_Ù„Ù„Ø±ÙˆØ§ÙŠØ© ğŸ“š
https://t.co/HAyzJJ8Ggj
@VisitDiriyah  @VisitSaudiAR @VisitSaudi 
#Ø´ØªØ§Ø¡_Ø§Ù„Ø£Ù„Ù_Ù„ÙŠÙ„Ø©_ÙˆÙ„ÙŠÙ„Ø© #Ø´ØªØ§Ø¡_Ø§Ù„Ø³Ø¹ÙˆØ¯ÙŠØ© #Ø±ÙˆØ­_Ø§Ù„Ø³Ø¹ÙˆØ¯ÙŠØ©
#SaudiWinter #VisitSaudi #This_Land_Is_Calling https://t.co/ngLPawHFBe"
2025-01-26 17:48:05+00:00,"Ø¹ÙŠØ´ Ø£Ø­Ù„Ù‰ Ø§Ù„Ø£ÙˆÙ‚Ø§Øª Ø¨ØªØ¬Ø§Ø±Ø¨ Ø³ÙŠØ§Ø­ÙŠØ© Ø­ÙˆÙ„ Ø§Ù„Ù…Ù…Ù„ÙƒØ© Ù…Ø¹ Ø±Ø­Ù„Ø§Øª Ø§Ù„Ù‚ØµÙˆØ§Ø¡ ğŸ‡¸ğŸ‡¦ ğŸœï¸ğŸ§¡
Ù„Ù„Ø­Ø¬Ø² ÙˆØ§Ù„Ø§Ø³ØªÙØ³Ø§Ø±: 0507419024

#VisitSaudi #WelcometoArabia #saudi_safari https://t.co/v94fg9Uogo"
2025-01-26 17:13:54+00:00,"Ù…Ù†ØªØ¬Ø¹ Ø§Ù„Ù…Ù„ÙÙ‰ Ø­ÙŠØ« ØªØ¨Ø¯Ø§ Ø±Ø­Ù„ØªÙƒ Ù…Ø¹ Ø§Ù„Ø³ÙƒÙŠÙ†Ø© ğŸŒ´
#visitsaudi #ksa #Ø§Ù„Ù‚Ø³ÙŠÙ… #Ù…Ù†ØªØ¬Ø¹_Ø§Ù„Ù…Ù„ÙÙ‰ https://t.co/t6rqpPorI0"
2025-01-26 16:32:24+00:00,"#AlUla 
#VisitSaudi https://t.co/848AHwI7gL"
2025-01-26 14:02:34+00:00,"Ø§ÙƒØªØ´ÙÙˆØ§ Ù…Ø¹Ù†Ø§ Ø§Ù„Ø³ÙŠØ§Ø­Ø© Ø§Ù„Ù…Ø³ØªØ¯Ø§Ù…Ø© ÙÙŠ Ø§Ù„Ø³Ø¹ÙˆØ¯ÙŠØ© Ø§Ù„Ø®Ø¶Ø±Ø§Ø¡ ğŸ¤©ğŸ‡¸ğŸ‡¦
https://t.co/vUg31h3Ghm
#Ø´ØªØ§Ø¡_Ø§Ù„Ø£Ù„Ù_Ù„ÙŠÙ„Ø©_ÙˆÙ„ÙŠÙ„Ø© #Ø´ØªØ§Ø¡_Ø§Ù„Ø³Ø¹ÙˆØ¯ÙŠØ©
#SaudiWinter #VisitSaudi #This_Land_Is_Calling
@VisitSaudi 
@VisitSaudiAR https://t.co/i48gphW7IV"
2025-01-26 13:30:10+00:00,"When was the last time you did something for the first time?
Immerse yourself in the future at teamLab Borderless in Jeddah. ğŸŒ A unique blend of art and technology that captivates the senses. 

For more:  https://t.co/9xKO2MIYxW

#Land_of_Firsts #This_Land_Is_Calling #VisitSaudi https://t.co/E87CvJACo3"
2025-01-26 10:57:36+00:00,"When was the last time you did something for the first time?
Step into the Land of Firsts at BLVD City in Riyadh, where each moment inspires you to escape routine.  âœ¨

For more: https://t.co/9xKO2MIYxW

#Land_of_Firsts
#This_Land_is_Calling #VisitSaudi https://t.co/AjyY9bqhUY"
2025-01-25 16:46:19+00:00,"Ø­ÙŠØ§ÙƒÙ… Ø§Ù„Ù„Ù‡
ØªÙØ§ØµÙŠÙ„ Ø§Ù„ØºØ±Ù ÙÙŠ Ø§Ù„Ù…Ù†ØªØ¬Ø¹ Ø§Ù„Ù…Ù„ÙÙ‰
#visitsaudi #KSA #Ù…Ù†ØªØ¬Ø¹_Ø§Ù„Ù…Ù„ÙÙ‰ #Ø§Ù„Ø³Ø¹ÙˆØ¯ÙŠØ© #Ø¹Ù†ÙŠØ²Ø© https://t.co/aRP2MmSOoV"
2025-01-25 08:51:36+00:00,"ÙŠØ§ ØºØ²Ø§Ù„Ù Ù…Ø± Ù…Ù† ÙŠÙ…ÙŠ ÙŠÙ…ÙŠÙ„ØŒ
ÙŠØ§ Ù‡Ù„Ø§ Ø¨Ùƒ ÙŠØ§ Ù‡Ù„Ø§ ÙˆØ§Ø­Ù„Ù‰ Ø³Ù„Ø§Ù… ğŸ¦ŒğŸŒ¿

ÙÙŠ Ù…Ø­Ù…ÙŠØ© Ø§Ù„Ù…Ù„Ùƒ Ø®Ø§Ù„Ø¯ØŒ Ø§Ù„Ø¬Ù…Ø§Ù„ Ù„Ø§ ÙŠÙ†ØªÙ‡ÙŠ.

#Ù…Ø­Ù…ÙŠØ©_Ø§Ù„Ù…Ù„Ùƒ_Ø®Ø§Ù„Ø¯ #ExploreSaudi #VisitSaudi #ÙŠÙ„Ø§_Ù‡Ø§ÙŠÙƒ https://t.co/NRyFwgTrql"
2025-01-25 07:52:10+00:00,"https://t.co/T2dSCcq1n5
ğŸ“· Ø§Ø³ØªÙ…ØªØ¹ Ø¨Ø§Ù„Ø¥Ù‚Ø§Ù…Ø© Ø§Ù„Ø±Ø§Ù‚ÙŠØ© Ø¨Ø¬ÙˆØ§Ø± Ø£Ø·Ù‡Ø± Ø¨Ù‚Ø§Ø¹ Ø§Ù„Ø£Ø±Ø¶! ÙÙ†Ø¯Ù‚ Ù…ÙŠÙ„ÙŠÙ†ÙŠÙˆÙ… Ù…ÙƒØ© ÙŠÙ‚Ø¯Ù… Ù„ÙƒÙ… ØªØ¬Ø±Ø¨Ø© ÙØ§Ø®Ø±Ø© ØªØ¬Ù…Ø¹ Ø¨ÙŠÙ† Ø§Ù„Ø±Ø§Ø­Ø© ÙˆØ§Ù„Ø®Ø¯Ù…Ø© Ø§Ù„Ù…Ù…ÙŠØ²Ø©
#samaterps #samaterp #Ø³Ù…Ø§ØªØ±ÙŠØ¨Ø³  #Ø²ÙˆØ±_Ø§Ù„Ø³Ø¹ÙˆØ¯ÙŠØ© #visitsaudi #saudiarabia #Ø³ÙØ± #sauditourism #traveldeals #exploreksa #millinium https://t.co/HB9eIm2Oaf"
2025-01-25 07:35:05+00:00,"Only 7 days in Saudi Arabia? No problem!Discover iconic landmarks, cultural gems, &amp; breathtaking landscapes in our ultimate 1-week guide.
To get your adventure started, read here: https://t.co/2BVs0RYjOa
#SaudiArabia #TravelSaudi #VisitSaudi #SaudiItinerary #OneWeekInSaudi"
2025-01-25 03:09:03+00:00,"The southern approach at @Shebara by @RedSeaGlobal reveals the first stainless steel villas on the horizon, representing a string of pearls, with a stunning reception building at the centre, forming the â€˜pendantâ€™ @JohnPagano @KillaDesign_ #VisitSaudi https://t.co/rS5k2Co5WB"
2025-01-24 23:00:21+00:00,"#DiscoverSaudi | February in Saudi! âœ¨ Our calendar is packed with events for you to embrace something new every day. Book now &amp; plan your next adventure with @VisitSaudi 
 #This_Land_Is_Calling #VisitSaudi #SaudiWinterCalendar #SaudiArabia #SaudiBusinessCouncil @VisitDiriyah https://t.co/pCklold1ZI"
2025-01-24 20:03:02+00:00,"ğŸ“· Ø§Ø­Ø¬Ø² Ø§Ù„Ø¢Ù† ÙˆØ§Ø¨Ø¯Ø£ Ø±Ø­Ù„ØªÙƒ Ø§Ù„Ø±ÙˆØ­Ø§Ù†ÙŠØ© Ù…Ø¹Ù†Ø§.
#ÙÙ†Ø¯Ù‚_Ø£Ù†Ø¬Ù… #Ù…ÙƒØ©_Ø§Ù„Ù…ÙƒØ±Ù…Ø© #Ø±ÙØ§Ù‡ÙŠØ©_Ø®Ù…Ø³_Ù†Ø¬ÙˆÙ… https://t.co/T2dSCcq1n5
#samaterps #samaterp #Ø³Ù…Ø§ØªØ±ÙŠØ¨Ø³ #Ø³Ù…Ø§ØªØ±Ø¨Ø³#Ø§Ù„Ø³Ø¹ÙˆØ¯ÙŠØ© #Ø²ÙˆØ±_Ø§Ù„Ø³Ø¹ÙˆØ¯ÙŠØ© #visitsaudi #newyear2025 #saudiarabia #Ø³ÙØ± #sauditourism #traveldeals #exploreksa https://t.co/gKcqDpPV8c"
2025-01-24 16:20:00+00:00,"Ø§Ù„Ø³ÙŠØ§Ø­Ø© Ø§Ù„Ø¯ÙŠÙ†ÙŠØ© ÙÙŠ #Ø§Ù„Ø³Ø¹ÙˆØ¯ÙŠØ©.. Ø¬ÙˆÙ„Ø© Ø¹Ù„Ù‰ Ø£Ø´Ù‡Ø± Ø§Ù„Ù…Ø¹Ø§Ù„Ù… Ø§Ù„Ù…Ù‚Ø¯Ø³Ø©ğŸ‘‡
https://t.co/DjlnpV3CAN
@VisitSaudi @VisitSaudiAR
 #Ø´ØªØ§Ø¡_Ø§Ù„Ø³Ø¹ÙˆØ¯ÙŠØ©
#SaudiWinter #VisitSaudi #This_Land_Is_Calling https://t.co/URLDkXfHAa"
2025-01-24 15:00:50+00:00,"Ø§Ù„Ù‚Ù‡ÙˆØ© Ù„ØºØ© Ø¨Ø­Ø¯ Ø°Ø§ØªÙ‡Ø§ØŒ Ø§Ø³ØªÙ…ØªØ¹ ÙÙŠÙ‡Ø§ Ø¹Ù†Ø¯Ù†Ø§ ÙÙŠ Ù„Ø§Ø¥Ø³Ø¨Ø±ÙŠØ³Ùˆ! â˜•ï¸

 Coffee is a language itself; enjoy it at Lâ€™Espresso! â˜•ï¸

#HolidayInnRiyadh_bd
#IHG #AnIHGHotel
#LifeAtIHG #Hotels #Riyadh
#VisitSaudi #RiyadhSeason
#Ø§Ù„Ø±ÙŠØ§Ø¶ #Ù…ÙˆØ³Ù…_Ø§Ù„Ø±ÙŠØ§Ø¶
#Ø±ÙˆØ­_Ø§Ù„Ø³Ø¹ÙˆØ¯ÙŠØ© https://t.co/u3lGDj9ynQ"
2025-01-24 10:02:45+00:00,"ÙƒÙ„ Ù…ÙƒØ§Ù† ÙŠØªØ±Ùƒ ÙÙŠ ØµØ§Ø­Ø¨Ù‡ Ø£Ø«Ø±ØŒ ÙˆÙ…ÙƒØ§Ù† Ù…Ø«Ù„ Ø­Ø§ÙØ© Ø§Ù„Ø¹Ø§Ù„Ù… Ø§Ù„Ø«Ø§Ù†ÙŠØ© ÙÙŠ Ø¬Ø¨Ø§Ù„ Ø·ÙˆÙŠÙ‚ØŒ Ø§Ù„Ø°ÙŠ ÙŠÙØ¶Ø±Ø¨ ÙÙŠÙ‡ Ø§Ù„Ù…Ø«Ù„ Ø¨Ø§Ù„Ù‡Ù…Ø© ÙˆØ§Ù„Ø«Ø¨Ø§ØªØŒ Ø£Ø«Ø±Ù‡ Ù…Ø®ØªÙ„Ù.
ÙÙŠÙ‡ ØªØªÙ†ÙØ³ Ø§Ù„Ù‚ÙˆØ© ÙˆØªØ³ØªØ´Ø¹Ø± Ø§Ù„Ù‡Ù…Ø© Ø§Ù„ØªÙŠ Ù„Ø§ ØªØ¹Ø±Ù Ø§Ù„Ù…Ø³ØªØ­ÙŠÙ„ ğŸ‡¸ğŸ‡¦ğŸ’ªğŸ»

#Ø­Ø§ÙØ©_Ø§Ù„Ø¹Ø§Ù„Ù…_Ø§Ù„Ø«Ø§Ù†ÙŠØ© #Ù‡Ù…Ø©_Ø­ØªÙ‰_Ø§Ù„Ù‚Ù…Ø© #ÙŠÙ„Ø§_Ù‡Ø§ÙŠÙƒ #EdgeOfTheWorld #VisitSaudi https://t.co/8iPwgxEeDG"
2025-01-24 08:59:56+00:00,"Dreaming of Saudi Arabia? ğŸ‡¸ğŸ‡¦
From ancient treasures to modern marvels ğŸ™ï¸, your next adventure awaits! âœˆï¸Apply for your visa with https://t.co/YPdsgUUr2N the easiest way to make your travel dreams come true.Start here!
#SaudiVisa #VisitSaudi #ExploreSaudi #SaudiArabiaAdventures https://t.co/WRJqqbJPWS"
2025-01-24 07:37:42+00:00,"https://t.co/T2dSCcq1n5
#Ø¹Ø§Ù„Ù…_Ø§Ù„Ø¶ÙŠØ§ÙØ© #Ø±Ø§Ø­Ø©_ÙˆÙØ®Ø§Ù…Ø©
#Ù…ÙƒØ©_Ø§Ù„Ù…ÙƒØ±Ù…Ø© #Ø±ÙØ§Ù‡ÙŠØ©_Ø®Ù…Ø³_Ù†Ø¬ÙˆÙ…
#samaterps #samaterp #Ø³Ù…Ø§ØªØ±ÙŠØ¨Ø³ #Ø³Ù…Ø§ØªØ±Ø¨Ø³#Ø§Ù„Ø³Ø¹ÙˆØ¯ÙŠØ© #Ø²ÙˆØ±_Ø§Ù„Ø³Ø¹ÙˆØ¯ÙŠØ© #visitsaudi #saudiarabia #Ø³ÙØ± #sauditourism #traveldeals #exploreksa https://t.co/rSC5NwVZSF"
2025-01-24 07:10:49+00:00,"ğŸŒŸ DÃ©couvrez le charme de lâ€™Arabie Saoudite ! ğŸŒŸ Des dÃ©serts majestueux Ã  lâ€™histoire ancienne en passant par des villes modernes et vibrantes, vivez un voyage inoubliable. Votre aventure vous attend ! #VisitSaudi #TourismeArabieSaoudite #ExplorezLeRoyaum"
2025-01-24 07:05:57+00:00,ğŸŒŸ ã‚µã‚¦ã‚¸ã‚¢ãƒ©ãƒ“ã‚¢ã®é­…åŠ›ã‚’ç™ºè¦‹ã—ã‚ˆã†ï¼ğŸŒŸ å£®å¤§ãªç ‚æ¼ ã‹ã‚‰å¤ä»£ã®æ­´å²ã€ãã—ã¦æ´»æ°—ã‚ãµã‚Œã‚‹ç¾ä»£éƒ½å¸‚ã¾ã§ã€ä»–ã«ã¯ãªã„æ—…ã‚’ä½“é¨“ã—ã¦ãã ã•ã„ã€‚ã‚ãªãŸã®å†’é™ºãŒå¾…ã£ã¦ã„ã¾ã™ï¼#VisitSaudi #ã‚µã‚¦ã‚¸è¦³å…‰ #ç‹å›½ã‚’æ¢æ¤œ https://t.co/pbPdcHfv1K
2025-01-24 07:03:45+00:00,ğŸŒŸ æ¢ç´¢æ²™ç‰¹é˜¿æ‹‰ä¼¯çš„é­…åŠ›ï¼ğŸŒŸ ä»å£®ä¸½çš„æ²™æ¼ åˆ°å¤è€çš„å†å²ï¼Œå†åˆ°å……æ»¡æ´»åŠ›çš„ç°ä»£åŸå¸‚ï¼Œä½“éªŒä¸€åœºæ— ä¸ä¼¦æ¯”çš„æ—…ç¨‹ã€‚æ‚¨çš„å†’é™©ä¹‹æ—…æ­£åœ¨ç­‰å¾…ï¼#VisitSaudi #æ²™ç‰¹æ—…æ¸¸ #æ¢ç´¢ç‹å›½
2025-01-24 07:03:06+00:00,"ğŸŒŸ Scopri il fascino dellâ€™Arabia Saudita! ğŸŒŸ Dai magnifici deserti alla storia antica e alle cittÃ  moderne e vivaci, vivi un viaggio senza paragoni. La tua avventura ti aspetta! #VisitSaudi #TurismoArabiaSaudita #EsploraIlRegno"
2025-01-24 07:01:48+00:00,"ğŸŒŸ Discover the charm of Saudi Arabia! ğŸŒŸ From stunning deserts to ancient history and vibrant modern cities, experience a journey like no other. Your adventure awaits! #VisitSaudi #SaudiTourism #ExploreTheKingdom

Attached is a visual that perfectly reflects the kingdomâ€™sâ€¦ https://t.co/n9aov9gWOC https://t.co/ONZUx28x69"
2025-01-23 18:40:00+00:00,"Ù…Ø§Ø±Ø§Ø«ÙˆÙ† Ø§Ù„Ø±ÙŠØ§Ø¶ 2025 Ø¨Ø§Ù„ØªØ²Ø§Ù…Ù† Ù…Ø¹ #Ø¥ÙƒØ³Ø¨Ùˆ_Ø§Ù„Ø±ÙŠØ§Ø¶Ø©_Ù„Ù„Ø¬Ù…ÙŠØ¹ Ù‚Ø±ÙŠØ¨Ø§Ù‹ ğŸ’ª

ØªØ¹Ø±ÙÙˆØ§ Ø¹Ù„Ù‰ Ø§Ù„ØªÙØ§ØµÙŠÙ„ ÙˆÙƒÙŠÙ ØªØ³Ø¬Ù„ ÙÙŠ Ø§Ù„Ù…Ø§Ø±Ø§Ø«ÙˆÙ†&gt;&gt; https://t.co/xPqOtbkV2r
#SFAExpo @SfaExpo 
#Ø´ØªØ§Ø¡_Ø§Ù„Ø£Ù„Ù_Ù„ÙŠÙ„Ø©_ÙˆÙ„ÙŠÙ„Ø© #Ø´ØªØ§Ø¡_Ø§Ù„Ø³Ø¹ÙˆØ¯ÙŠØ© #SaudiWinter #VisitSaudi #This_Land_Is_Calling
@VisitSaudi
@VisitSaudiAR https://t.co/i7Fu5Gnvo9"
2025-01-23 16:18:16+00:00,"Ø§Ø³ØªÙ‡Ù„Ù‘ ÙŠÙˆÙ…Ùƒ Ø¨ØªÙ†Ø§ÙˆÙ„ ÙˆØ¬Ø¨Ø© ÙØ·ÙˆØ± Ø´Ù‡ÙŠØ©
Start your day with a delicious breakfast
#karamalbalad #JeddahHotels #LuxuryLiving #architecturelovers #sauditourism #visitsaudi #BaladJeddah #ElevateYourStay #jeddah #saudiarabia #wedding #hotel #tourism #banquet #restaurante #events #VIP #view https://t.co/ThaOi1KRpK"
2025-01-23 15:30:07+00:00,"When was the last time you did something for the first time?
Watch the sunrise at Tuwaiq Mountain, standing at the edge of the world. ğŸŒ„ 

For more: https://t.co/9xKO2MIYxW
#Land_of_Firsts #This_Land_is_Calling #VisitSaudi https://t.co/nqwE6uBRUL"
2025-01-23 14:11:17+00:00,"Ù…Ù†Ø§Ø¸Ø± Ø®Ù„Ø§Ø¨Ø© ØªÙ†Ø¨Ø¶ Ø¨Ø§Ù„Ø­ÙŠØ§Ø© Ø¨ÙŠÙ† Ø¸Ù„Ø§Ù„ Ø§Ù„Ù†Ø®ÙŠÙ„ØŒ ÙˆÙ…Ø¨Ø§Ù†Ù ØªØ±ÙˆÙŠ Ø­ÙƒØ§ÙŠØ§Øª Ø§Ù„Ø²Ù…Ù† Ø§Ù„Ø¬Ù…ÙŠÙ„.
#KSA #visitsaudi #Ù…Ù†ØªØ¬Ø¹_Ø§Ù„Ù…Ù„ØºÙ‰ #Ø§Ù„Ø³Ø¹ÙˆØ¯ÙŠØ© #Ø§Ù„Ù‚Ø³ÙŠÙ… https://t.co/fcHzbwjZyA"
2025-01-23 13:01:49+00:00,"From captivating arts to authentic cultural experiences, Diriyah welcomes you to explore the cityâ€™s legacy, history, and activities with Minzal. âœ¨ 
Join us until February 22!

#VisitSaudi #SaudiWinterCalendar 
#EntertainYourCulturalCuriosity https://t.co/XsTXPWzDCb"
2025-01-23 12:09:31+00:00,"Get ready for February in Saudi! âœ¨ Our calendar is packed with events for you to embrace something new every day. Book now &amp; plan your next adventure!

#This_Land_Is_Calling #VisitSaudi #SaudiWinterCalendar"
2025-01-23 11:40:00+00:00,"Ø§Ø³ØªØ¹Ø¯ÙˆØ§ Ù„ØªØ¬Ø±Ø¨Ø© Ø§Ø³ØªØ«Ù†Ø§Ø¦ÙŠØ© Ø¹Ù„Ù‰ Ø³Ø§Ø­Ù„ Ø§Ù„Ø¨Ø­Ø± Ø§Ù„Ø£Ø­Ù…Ø± Ø§Ù„Ø®Ù„Ø§Ø¨ ÙÙŠ Ø§Ù„Ù…Ù…Ù„ÙƒØ© ğŸŒŠ
https://t.co/NFp9g6lhcW
#Ø´ØªØ§Ø¡_Ø§Ù„Ø£Ù„Ù_Ù„ÙŠÙ„Ø©_ÙˆÙ„ÙŠÙ„Ø© #Ø´ØªØ§Ø¡_Ø§Ù„Ø³Ø¹ÙˆØ¯ÙŠØ© #Ø±ÙˆØ­_Ø§Ù„Ø³Ø¹ÙˆØ¯ÙŠØ©
#SaudiWinter #VisitSaudi #This_Land_Is_Calling
@VisitSaudi 
@VisitSaudiAR https://t.co/zNja8WsN82"
2025-01-23 09:40:00+00:00,"Ø§Ø³ØªØ¹Ø¯ÙˆØ§ Ù„ØªØ¬Ø±Ø¨Ø© Ù…ØºØ§Ù…Ø±Ø§Øª Ø§Ù„ØµØ­Ø±Ø§Ø¡ ÙÙŠ ""ÙƒØ«Ø¨Ø§Ù† Ø§Ù„Ø¹Ø±Ø¨""..  ÙˆØ§Ù„Ø°ÙŠ ÙŠØ¹Ø¯ Ø£ÙˆÙ„ Ø­Ø¯Ø« ÙØ±ÙŠØ¯ Ù…Ù† Ù†ÙˆØ¹Ù‡ Ø¨Ù€ #Ø§Ù„Ø±ÙŠØ§Ø¶ ğŸ¤©ğŸ‘‡
https://t.co/Aq86HpgChQ
#Ø´ØªØ§Ø¡_Ø§Ù„Ø£Ù„Ù_Ù„ÙŠÙ„Ø©_ÙˆÙ„ÙŠÙ„Ø© #Ø´ØªØ§Ø¡_Ø§Ù„Ø³Ø¹ÙˆØ¯ÙŠØ© #Ø±ÙˆØ­_Ø§Ù„Ø³Ø¹ÙˆØ¯ÙŠØ©
#SaudiWinter #VisitSaudi #This_Land_Is_Calling
@VisitSaudi 
@VisitSaudiAR https://t.co/QN8NFKBUUQ"
2025-01-23 09:02:43+00:00,"Visiting Riyadh? The new #Riyadh #Metro is a great way to see the #city: 6 lines, 176km of track, driverless #trains, and 84 stations. It's #fast, #cheap (4 riyals) and easy!

#MiddleEast #SaudiArabia #Saudi #Arabia #VisitSaudi #transport #sustainable #travel #trip https://t.co/QLTXH7umU2"
2025-01-23 07:23:25+00:00,"Ø¬Ù…Ø¹Ù†Ø§ Ù„ÙƒÙ… Ø£ÙØ¶Ù„ Ø§Ù„Ø£Ù…Ø§ÙƒÙ† Ù„Ù„Ø¥Ù‚Ø§Ù…Ø© ÙÙŠ Ù…ÙƒØ© Ø£Ø«Ù†Ø§Ø¡ Ø§Ù„Ø­Ø¬ ÙˆØ§Ù„Ø¹Ù…Ø±Ø©.. ØªØ¹Ø±ÙÙˆØ§ Ø¹Ù„ÙŠÙ‡Ø§ğŸ‘‡
@VisitSaudiAR 
@VisitSaudi
https://t.co/KA2hdBHqVZ
#Ø´ØªØ§Ø¡_Ø§Ù„Ø£Ù„Ù_Ù„ÙŠÙ„Ø©_ÙˆÙ„ÙŠÙ„Ø© #Ø´ØªØ§Ø¡_Ø§Ù„Ø³Ø¹ÙˆØ¯ÙŠØ©
#SaudiWinter #VisitSaudi #This_Land_Is_Calling https://t.co/LPN2CCngWT"
2025-01-23 06:38:17+00:00,"ğŸ“· Ø§Ø­Ø¬Ø² Ø§Ù„Ø¢Ù† ÙˆØ§Ø¨Ø¯Ø£ Ø±Ø­Ù„ØªÙƒ Ø§Ù„Ø±ÙˆØ­Ø§Ù†ÙŠØ© Ù…Ø¹Ù†Ø§.
#ÙÙ†Ø¯Ù‚_Ø£Ù†Ø¬Ù… #Ù…ÙƒØ©_Ø§Ù„Ù…ÙƒØ±Ù…Ø© #Ø±ÙØ§Ù‡ÙŠØ©_Ø®Ù…Ø³_Ù†Ø¬ÙˆÙ… https://t.co/T2dSCcq1n5
#samaterps #samaterp #Ø³Ù…Ø§ØªØ±ÙŠØ¨Ø³ #Ø³Ù…Ø§ØªØ±Ø¨Ø³#Ø§Ù„Ø³Ø¹ÙˆØ¯ÙŠØ© #Ø²ÙˆØ±_Ø§Ù„Ø³Ø¹ÙˆØ¯ÙŠØ© #visitsaudi #saudiarabia #Ø³ÙØ± #sauditourism #traveldeals #exploreksa https://t.co/w2wvovkUeA"
2025-01-22 22:00:00+00:00,"Ø¹Ø¨Ù‚ Ø§Ù„Ù…Ø§Ø¶ÙŠ ÙˆÙ†Ø¨Ø¶ Ø§Ù„Ø­Ø§Ø¶Ø±: Ø¯Ù„ÙŠÙ„Ùƒ Ù„Ø²ÙŠØ§Ø±Ø© ÙƒÙ†ÙˆØ² #Ø§Ù„Ù…Ø¯ÙŠÙ†Ø©_Ø§Ù„Ù…Ù†ÙˆØ±Ø© Ø§Ù„Ø«Ù‚Ø§ÙÙŠØ©ğŸŒ´
https://t.co/NaJxSwR0d9
#Ø´ØªØ§Ø¡_Ø§Ù„Ø£Ù„Ù_Ù„ÙŠÙ„Ø©_ÙˆÙ„ÙŠÙ„Ø© #Ø´ØªØ§Ø¡_Ø§Ù„Ø³Ø¹ÙˆØ¯ÙŠØ© #Ø±ÙˆØ­_Ø§Ù„Ø³Ø¹ÙˆØ¯ÙŠØ©
#SaudiWinter #VisitSaudi #This_Land_Is_Calling
@VisitSaudiAR @VisitSaudi https://t.co/HRY9m8um4s"
2025-01-22 18:07:17+00:00,"Ù…Ø§ Ø§Ù„Ø£Ù†Ø´Ø·Ø© Ø§Ù„ØªÙŠ ØªØ³ØªÙ…ØªØ¹ÙˆÙ† Ø¨Ù‡Ø§ ÙˆØªØ¶ÙÙˆÙ† Ø¨Ù‡Ø§ Ø¬Ù…Ø§Ù„Ø§Ù‹ Ø¹Ù„Ù‰ Ø£ÙˆÙ‚Ø§ØªÙƒÙ…ØŸ ğŸŒŸğŸ—ºï¸

#Riyadh #Ø³ÙŠØ§Ø­Ø© #tourism #Ø§Ø±Ø¶_Ø§Ù„ØµØ­Ø±Ø§Ø¡ 
#VisitSaudi https://t.co/b62NhtTvtK"
2025-01-22 18:00:00+00:00,"Ø¬Ù…Ø¹Ù†Ø§ Ù„ÙƒÙ… Ø£ÙØ¶Ù„ Ø§Ù„Ø£Ù…Ø§ÙƒÙ† Ù„Ù„Ø¥Ù‚Ø§Ù…Ø© ÙÙŠ Ù…ÙƒØ© Ø£Ø«Ù†Ø§Ø¡ Ø§Ù„Ø­Ø¬ ÙˆØ§Ù„Ø¹Ù…Ø±Ø©.. ØªØ¹Ø±ÙÙˆØ§ Ø¹Ù„ÙŠÙ‡Ø§ğŸ‘‡
@VisitSaudiAR @VisitSaudi
#Ø´ØªØ§Ø¡_Ø§Ù„Ø£Ù„Ù_Ù„ÙŠÙ„Ø©_ÙˆÙ„ÙŠÙ„Ø© #Ø´ØªØ§Ø¡_Ø§Ù„Ø³Ø¹ÙˆØ¯ÙŠØ©
#SaudiWinter #VisitSaudi #This_Land_Is_Calling https://t.co/GmBERk24Bk"
2025-01-22 16:30:25+00:00,"Calling all thrillseekers! âš¡ #SaudiRedSea is your ultimate playground with dune-bashing, rock-climbing, diving, and more. ğŸœï¸ğŸ”¥ Ready for unforgettable adventures? Letâ€™s go! 

Book now: https://t.co/FEhZTOqvfC

 #VisitSaudi #This_Land_Is_Calling https://t.co/AP2X03xWjd"
2025-01-22 14:30:08+00:00,"When was the last time you did something for the first time?
 Experience the stars like never before in Gharameel, AlUla. âœ¨ The serene desert night is perfect for stargazing under clear skies. 
 
#Land_of_Firsts #This_Land_Is_Calling #VisitSaudi https://t.co/4JH7diqFHE"
