timestamp,content
2025-01-29 11:57:32+00:00,"from the moment you arrive at tulip inn al dar our dedicated team ensures every detail is flawlessly managed offering you a seamless and memorable start to your journey

tulipinnhotelmadinah madinah tulipinn prophetmosque madinahhotels umrah  visitsaudi"
2025-01-29 11:52:51+00:00,"a view of the prophets mosque a refreshing winter breeze and a cup of coffee that completes the scene in the most beautiful way in al dar cafe 

tulipinnaldar cafe madina almadinah aldarhotel visitmadina visitsaudi coffee"
2025-01-29 10:37:06+00:00,"at yella schoff were redefining travel across saudi arabia
what makes us unique
tailormade experiences
expert local guides
seamless journey planning

whats stopping you
 visit  and lets go

yellaschoff visitsaudi exploresaudiarabia saudia "
2025-01-29 09:58:28+00:00,"saudiarabias tourism marketsize witnesses rapid escalation



visitsaudi"
2025-01-29 06:19:16+00:00,"                    

 cpjeddah
 ksa saudiarabia scubadivingadventure  underwaterexploration redsea
visitsaudi experienceihg    "
2025-01-28 18:30:10+00:00,"when was the last time you did something for the first time 

step into the timeless charm of jeddah historic district  explore centuriesold stories in this vibrant unesco site 

for more 

 landoffirsts  thislandiscalling visitsaudi "
2025-01-28 16:46:41+00:00,"witness the adrenalinepumping hail international rally championship a full motorsport experience packed with activities    the rally starts on 30 jan until 1 feb

learn more 

visitsaudi saudiwintercalendar
thislandiscalling "
2025-01-28 14:03:03+00:00,"travel agents in uk amp europe

discover saudis captivating dualitywhere modern marvels meet historic treasures

start booking saudi today and redefine travel for your clients

tboacademy visitsaudi sindalah albalad booking "
2025-01-28 12:54:09+00:00,"visitsaudi ksa tourism abha travel thislandiscalling aseerawakeningwonder saudiwinter
    "
2025-01-28 09:27:35+00:00,"new hotel opening in saudi gt desert rock  the design is inspired by the nabatean civilization which once inhabited the arabian peninsula and is famous for its rockcut architecture

saudiarabia visitsaudi travel trip vacation holiday "
2025-01-28 06:35:28+00:00,"         

crowneplazajeddah cpjeddah jeddah jeddahlife ksa saudiarabia visitsaudi experienceihg blendedtravel   "
2025-01-27 20:18:52+00:00,"when was the last time you did something for the first time
start your journey of firsts with a sip of authentic saudi coffee at najd village 

for more 

landoffirsts thislandiscalling visitsaudi "
2025-01-27 17:00:32+00:00,"experience the beauty of alulas maraya the worlds largest mirrored building reflecting the stunning desert landscape  a true blend of art and nature 

book now  

 by adamdesjardins on ig

thislandiscalling visitsaudi "
2025-01-26 20:00:01+00:00,"      2425    

visitdiriyah  visitsaudiar visitsaudi 
  
saudiwinter visitsaudi thislandiscalling "
2025-01-26 17:48:05+00:00,"           
  0507419024

visitsaudi welcometoarabia saudisafari "
2025-01-26 17:13:54+00:00,"       
visitsaudi ksa   "
2025-01-26 16:32:24+00:00,"alula 
visitsaudi "
2025-01-26 14:02:34+00:00,"       

 
saudiwinter visitsaudi thislandiscalling
visitsaudi 
visitsaudiar "
2025-01-26 13:30:10+00:00,"when was the last time you did something for the first time
immerse yourself in the future at teamlab borderless in jeddah  a unique blend of art and technology that captivates the senses 

for more  

landoffirsts thislandiscalling visitsaudi "
2025-01-26 10:57:36+00:00,"when was the last time you did something for the first time
step into the land of firsts at blvd city in riyadh where each moment inspires you to escape routine  

for more 

landoffirsts
thislandiscalling visitsaudi "
2025-01-25 16:46:19+00:00," 
    
visitsaudi ksa    "
2025-01-25 08:51:36+00:00,"     
       

      

 exploresaudi visitsaudi  "
2025-01-25 07:52:10+00:00,"
                   
samaterps samaterp    visitsaudi saudiarabia  sauditourism traveldeals exploreksa millinium "
2025-01-25 07:35:05+00:00,"only 7 days in saudi arabia no problemdiscover iconic landmarks cultural gems amp breathtaking landscapes in our ultimate 1week guide
to get your adventure started read here 
saudiarabia travelsaudi visitsaudi saudiitinerary oneweekinsaudi"
2025-01-25 03:09:03+00:00,the southern approach at shebara by redseaglobal reveals the first stainless steel villas on the horizon representing a string of pearls with a stunning reception building at the centre forming the pendant johnpagano killadesign visitsaudi 
2025-01-24 23:00:21+00:00,"discoversaudi  february in saudi  our calendar is packed with events for you to embrace something new every day book now amp plan your next adventure with visitsaudi 
 thislandiscalling visitsaudi saudiwintercalendar saudiarabia saudibusinesscouncil visitdiriyah "
2025-01-24 20:03:02+00:00,"      
   
samaterps samaterp    visitsaudi newyear2025 saudiarabia  sauditourism traveldeals exploreksa "
2025-01-24 16:20:00+00:00,"        

visitsaudi visitsaudiar
 
saudiwinter visitsaudi thislandiscalling "
2025-01-24 15:00:50+00:00,"         

 coffee is a language itself enjoy it at lespresso 

holidayinnriyadhbd
ihg anihghotel
lifeatihg hotels riyadh
visitsaudi riyadhseason
 
 "
2025-01-24 10:02:45+00:00,"                     
         

   edgeoftheworld visitsaudi "
2025-01-24 08:59:56+00:00,"dreaming of saudi arabia 
from ancient treasures to modern marvels  your next adventure awaits apply for your visa with  the easiest way to make your travel dreams come truestart here
saudivisa visitsaudi exploresaudi saudiarabiaadventures "
2025-01-24 07:37:42+00:00,"
 
 
samaterps samaterp    visitsaudi saudiarabia  sauditourism traveldeals exploreksa "
2025-01-24 07:10:49+00:00, dcouvrez le charme de larabie saoudite   des dserts majestueux  lhistoire ancienne en passant par des villes modernes et vibrantes vivez un voyage inoubliable votre aventure vous attend  visitsaudi tourismearabiesaoudite explorezleroyaum
2025-01-24 07:05:57+00:00,  visitsaudi   
2025-01-24 07:03:45+00:00,  visitsaudi  
2025-01-24 07:03:06+00:00, scopri il fascino dellarabia saudita  dai magnifici deserti alla storia antica e alle citt moderne e vivaci vivi un viaggio senza paragoni la tua avventura ti aspetta visitsaudi turismoarabiasaudita esplorailregno
2025-01-24 07:01:48+00:00," discover the charm of saudi arabia  from stunning deserts to ancient history and vibrant modern cities experience a journey like no other your adventure awaits visitsaudi sauditourism explorethekingdom

attached is a visual that perfectly reflects the kingdoms  "
2025-01-23 18:40:00+00:00,"  2025     

      gtgt 
sfaexpo sfaexpo 
  saudiwinter visitsaudi thislandiscalling
visitsaudi
visitsaudiar "
2025-01-23 16:18:16+00:00,"     
start your day with a delicious breakfast
karamalbalad jeddahhotels luxuryliving architecturelovers sauditourism visitsaudi baladjeddah elevateyourstay jeddah saudiarabia wedding hotel tourism banquet restaurante events vip view "
2025-01-23 15:30:07+00:00,"when was the last time you did something for the first time
watch the sunrise at tuwaiq mountain standing at the edge of the world  

for more 
landoffirsts thislandiscalling visitsaudi "
2025-01-23 14:11:17+00:00,"           
ksa visitsaudi    "
2025-01-23 13:01:49+00:00,"from captivating arts to authentic cultural experiences diriyah welcomes you to explore the citys legacy history and activities with minzal  
join us until february 22

visitsaudi saudiwintercalendar 
entertainyourculturalcuriosity "
2025-01-23 12:09:31+00:00,"get ready for february in saudi  our calendar is packed with events for you to embrace something new every day book now amp plan your next adventure

thislandiscalling visitsaudi saudiwintercalendar"
2025-01-23 11:40:00+00:00,"          

  
saudiwinter visitsaudi thislandiscalling
visitsaudi 
visitsaudiar "
2025-01-23 09:40:00+00:00,"                 

  
saudiwinter visitsaudi thislandiscalling
visitsaudi 
visitsaudiar "
2025-01-23 09:02:43+00:00,"visiting riyadh the new riyadh metro is a great way to see the city 6 lines 176km of track driverless trains and 84 stations its fast cheap 4 riyals and easy

middleeast saudiarabia saudi arabia visitsaudi transport sustainable travel trip "
2025-01-23 07:23:25+00:00,"           
visitsaudiar 
visitsaudi

 
saudiwinter visitsaudi thislandiscalling "
2025-01-23 06:38:17+00:00,"      
   
samaterps samaterp    visitsaudi saudiarabia  sauditourism traveldeals exploreksa "
2025-01-22 22:00:00+00:00,"        

  
saudiwinter visitsaudi thislandiscalling
visitsaudiar visitsaudi "
2025-01-22 18:07:17+00:00,"          

riyadh  tourism  
visitsaudi "
2025-01-22 18:00:00+00:00,"           
visitsaudiar visitsaudi
 
saudiwinter visitsaudi thislandiscalling "
2025-01-22 16:30:25+00:00,"calling all thrillseekers  saudiredsea is your ultimate playground with dunebashing rockclimbing diving and more  ready for unforgettable adventures lets go 

book now 

 visitsaudi thislandiscalling "
2025-01-22 14:30:08+00:00,"when was the last time you did something for the first time
 experience the stars like never before in gharameel alula  the serene desert night is perfect for stargazing under clear skies 
 
landoffirsts thislandiscalling visitsaudi "
